{"R": 125.09576359481811, "G": 115.99325638961793, "B": 106.14064750289917}