{"R": 125.23137950363159, "G": 116.11109767990112, "B": 106.30892379684448}